{
    "name": "Mercury",
    "averageRadius": 2439400.0,
    "equatorialRadius": 2440500.0,
    "polarRadius": 2438300.0,
    "gravitationalAcceleration": 3.703,

    "x": -3.010549851451788E+07,
    "y": -2.405822593778040E+06,
    "z": -6.359103389001439E+07,

    "velocityX": 3.430790710871147E+01,
    "velocityY": -4.642893227687938E+00,
    "velocityZ": -1.832212359355950E+01,

    "axialTilt": 0.027,
    "rotationSpeed": 0.000071,

    "textures": {
      "albedo": "",
      "roughness": "",
      "metallic": "",
      "height": "",
      "normal": ""
    },

    "textureSettings": {
      "flipHorizontally": true,
      "skipRM": true
    },

    "hasAtmosphere": false,
    "atmosphereSettings": {
      "breathable": false,
      "height": 0.000
    }
  }
  